occurrences,term
141098,the
118542,to
90267,you
65897,and
57824,for
57591,it
56842,in
54211,is
54071,of
43538,my
41947,on
40950,that
30742,me
28079,be
27953,at
25997,with
25857,your
25268,have
24875,we
24771,so
24683,this
23779,are
22508,just
20277,can
19547,what
19344,but
18908,all
18611,like
18461,not
17634,was
17569,out
17479,up
16856,get
16232,love
16173,do
16082,if
15301,good
14225,will
14083,day
13853,about
13472,rt
13450,thanks
12588,now
12559,from
12451,one
12291,when
12082,know
12068,they
11817,how
11765,no
11673,don
11629,time
11591,great
11477,today
10832,go
10807,he
10597,there
10577,or
10541,lol
10523,as
10502,new
10298,re
10099,see
9927,an
9459,more
9423,our
9268,some
9203,who
8818,by
8774,too
8761,back
8568,got
8252,going
8095,think
8009,people
8004,would
7752,need
7660,ll
7372,us
7363,am
7346,want
7298,follow
7283,happy
7207,make
7110,has
6971,tonight
6960,right
6916,really
6622,much
6539,been
6420,work
6408,night
6290,had
6091,thank
6064,here
6056,come
5927,did
5925,only
5862,why
5828,them
5806,well
5806,its
5704,should
5698,still
5645,last
5617,off
5568,let
5533,she
5528,way
5398,best
5332,hope
5182,ve
5173,life
5120,her
5043,never
5016,his
4925,oh
4879,over
4872,then
4783,say
4755,than
4755,twitter
4739,please
4721,show
4693,first
4685,im
4662,next
4546,week
4542,game
4514,better
4376,always
4353,tomorrow
4313,yes
4311,year
4280,their
4262,take
4244,down
4240,man
4234,where
4154,wait
4115,him
4090,any
4056,could
4040,were
4020,morning
4001,haha
3982,everyone
3954,hey
3944,even
3872,getting
3854,ever
3848,looking
3841,look
3793,sure
3739,very
3729,awesome
3715,home
3693,feel
3652,big
3608,after
3581,being
3513,because
3437,something
3435,again
3416,fun
3393,weekend
3348,nice
3327,keep
3319,into
3307,someone
3296,yeah
3285,world
3273,things
3266,thing
3243,gonna
3231,school
3230,free
3205,doing
3194,bad
3171,check
3122,guys
3098,help
3081,th
3076,live
3025,every
3021,miss
3020,watching
3017,tweet
2995,those
2992,tell
2988,other
2986,music
2964,soon
2953,amazing
2925,long
2922,days
2910,does
2885,call
2880,little
2863,may
2863,coming
2862,many
2825,friends
2824,most
2821,before
2819,give
2809,hate
2799,wish
2775,same
2764,god
2747,pm
2724,stop
2707,made
2703,said
2700,ready
2693,two
2681,girl
2665,didn
2655,shit
2640,done
2605,watch
2603,find
2593,start
2591,play
2569,old
2542,pretty
2532,another
2510,birthday
2508,cool
2469,also
2446,win
2443,anyone
2423,talk
2421,real
2401,excited
2391,use
2352,these
2344,hard
2326,friday
2322,hear
2316,working
2292,having
2274,com
2257,around
2257,ur
2254,team
2242,sorry
2240,maybe
2236,dont
2220,thought
2163,while
2160,try
2147,put
2145,ya
2139,makes
2133,glad
2127,already
2115,though
2114,wanna
2112,ok
2093,forward
2071,trying
2069,beautiful
2065,nothing
2063,away
2035,wow
2034,house
2031,yet
2028,true
2009,party
2007,following
2003,friend
1991,job
1980,everything
1972,won
1971,lot
1970,ass
1967,looks
1963,welcome
1956,song
1956,guy
1948,stay
1946,mom
1939,sleep
1938,st
1929,mean
1917,doesn
1916,years
1907,saw
1905,must
1904,until
1902,favorite
1890,book
1878,making
1874,through
1859,family
1851,might
1816,name
1810,class
1806,read
1806,person
1794,fuck
1792,food
1779,hit
1778,end
1765,actually
1763,damn
1747,phone
1738,which
1725,money
1719,season
1716,place
1715,few
1698,anything
1689,congrats
1688,movie
1684,since
1683,guess
1680,www
1680,omg
1671,believe
1663,such
1662,both
1659,run
1658,kids
1652,baby
1651,video
1634,news
1634,open
1631,crazy
1628,own
1626,hot
1623,finally
1612,head
1605,change
1603,remember
1600,gotta
1600,else
1573,enjoy
1567,sounds
1567,playing
1555,left
1551,city
1542,summer
1542,stuff
1535,facebook
1532,meet
1522,far
1514,early
1510,followers
1509,talking
1509,hi
1509,cause
1507,part
1499,thinking
1496,funny
1495,support
1492,says
1486,word
1486,ha
1479,high
1476,mind
1476,went
1470,email
1461,without
1460,enough
1457,luck
1447,hours
1439,times
1434,care
1428,tweets
1421,post
1420,heart
1410,heard
1405,hell
1403,bring
1397,ask
1395,needs
1391,bed
1390,almost
1383,myself
1377,sunday
1361,seen
1359,business
1359,send
1355,fan
1355,girls
1350,saturday
1345,cant
1342,idea
1341,feeling
1324,isn
1322,fans
1319,car
1317,haven
1313,sweet
1310,hour
1307,dude
1300,used
1283,least
1275,late
1275,kind
1274,face
1272,full
1262,okay
1260,probably
1253,wrong
1246,top
1246,eat
1245,buy
1241,yourself
1241,monday
1239,gets
1238,lmao
1228,room
1226,hair
1223,taking
1221,together
1215,coffee
1213,bro
1212,super
1211,story
1210,tv
1203,bitch
1202,found
1202,social
1202,set
1201,meeting
1198,yesterday
1195,sad
1191,event
1186,break
1186,perfect
1182,lunch
1181,seeing
1181,called
1177,black
1176,point
1176,sometimes
1171,whole
1169,once
1169,told
1166,reading
1157,la
1150,rock
1148,special
1142,listening
1135,saying
1133,forget
1129,text
1112,lost
1112,dinner
1109,waiting
1105,half
1101,women
1099,line
1098,minutes
1093,words
1089,state
1089,boy
1081,join
1080,definitely
1077,media
1076,weather
1073,bit
1067,came
1065,games
1064,tired
1061,starting
1060,fucking
1058,course
1056,leave
1047,seriously
1045,month
1045,agree
1044,goes
1038,interesting
1037,started
1032,cute
1032,red
1030,problem
1029,wants
1024,mother
1019,move
1019,office
1012,bout
1011,during
1008,learn
1007,happen
1005,hahaha
1004,wonder
1003,beer
996,pick
993,totally
992,moment
988,means
987,white
985,thats
985,question
985,drink
975,comes
975,each
974,sick
973,yo
972,later
968,hello
965,missed
965,loved
963,dog
956,wanted
946,list
946,dream
945,page
942,gone
940,men
939,weeks
938,nd
937,less
937,fall
936,info
935,either
933,online
928,chance
928,using
927,future
926,close
926,reason
925,wonderful
924,different
919,ago
919,chicago
918,lots
917,took
916,yea
914,writing
908,listen
905,running
905,seems
904,visit
903,number
899,outside
898,past
897,tickets
897,worth
894,site
892,till
891,proud
891,walk
888,others
887,ah
887,rest
884,mine
880,second
879,between
877,share
876,blog
873,austin
868,college
867,ugh
865,students
864,side
861,busy
860,art
860,beat
856,cold
853,mad
853,spring
850,boys
849,christmas
849,dm
849,rain
848,ff
844,drive
838,turn
837,ill
833,three
831,pay
829,understand
823,tho
822,wasn
821,young
819,club
819,dance
818,power
817,able
814,cuz
813,stupid
812,success
812,dad
811,thx
809,matter
807,plan
806,dear
805,website
804,park
801,via
800,yay
800,single
800,google
800,shout
797,deal
797,bar
796,trip
796,under
796,service
795,film
791,ppl
787,appreciate
784,easy
781,green
778,town
776,voice
776,against
774,water
773,woman
773,nyc
772,huge
772,giving
771,account
770,sound
770,vs
770,write
767,lady
762,thursday
761,kid
757,em
756,eyes
756,band
756,ain
753,street
753,knew
752,app
750,john
748,weird
748,fight
748,finished
747,series
747,fine
744,hand
741,lets
741,instead
738,san
736,fast
735,shot
733,lose
732,important
730,catch
729,mention
728,dead
726,sign
725,self
724,forever
723,add
720,sucks
715,wine
715,project
712,body
711,couldn
711,store
711,final
710,tweeting
710,radio
709,experience
707,order
706,shows
706,bet
705,eating
704,become
704,sun
704,american
701,small
700,happened
700,picture
699,album
698,anymore
698,wit
696,cut
693,fire
692,safe
692,wouldn
692,couple
691,date
688,smile
688,group
687,obama
686,conference
684,smh
682,living
678,short
678,wear
678,sent
676,everybody
675,books
672,learning
672,center
672,works
671,thoughts
670,starts
669,library
667,link
667,dreams
667,community
667,die
666,interested
665,public
663,dc
661,answer
660,da
659,history
658,hopefully
658,local
656,fb
655,behind
654,met
649,tried
648,opening
648,brother
648,gave
647,save
645,stand
644,light
643,moving
642,justin
642,country
641,worst
641,football
640,iphone
639,loving
639,tuesday
637,alone
637,company
637,followed
635,feels
633,vote
632,knows
632,blue
631,months
630,forgot
629,hold
628,asked
628,lucky
628,hurt
628,shoot
627,message
627,son
626,bored
624,ideas
624,songs
623,fact
622,record
621,sharing
620,concert
617,enjoyed
616,april
615,front
614,heading
614,case
614,ice
613,aren
613,speak
611,star
609,sister
609,strong
608,nigga
608,wearing
608,pic
607,sitting
605,kinda
605,ones
605,questions
604,folks
603,area
603,air
597,tour
596,children
594,test
593,heat
593,takes
591,breakfast
591,session
590,exactly
587,sex
587,cover
586,ball
586,act
585,national
584,miami
584,gift
584,rather
584,pizza
584,road
581,parents
581,ladies
580,chocolate
579,sports
577,watched
577,wake
577,vegas
576,hoping
576,along
575,ride
575,lil
574,kill
573,missing
572,truth
572,available
572,west
571,especially
571,afternoon
571,played
571,paper
571,beach
569,needed
569,gym
568,cannot
568,loves
568,somebody
567,snow
566,mr
565,march
564,america
563,bought
560,evening
559,pass
557,absolutely
555,interview
554,gay
554,hang
554,realize
550,spend
549,rd
549,wtf
549,door
548,wednesday
545,wife
545,whats
545,contact
544,happens
543,often
541,tip
540,sexy
537,bus
537,episode
537,shirt
536,goal
535,trust
534,enjoying
534,boston
532,ny
531,program
531,plans
531,yours
530,holiday
530,child
526,health
525,june
525,congratulations
525,possible
524,mothers
523,studio
523,design
523,chris
522,million
521,minute
521,lead
520,building
520,student
520,sense
520,south
520,plus
519,baseball
519,co
519,movies
518,chicken
516,quite
516,walking
516,market
514,serious
514,law
512,cat
512,eye
511,tuned
510,internet
508,suck
507,round
507,winning
506,touch
506,laugh
505,whatever
505,mt
505,marketing
503,looked
501,fantastic
500,bill
500,cry
499,awkward
499,practice
499,hands
499,low
497,retweet
497,straight
496,youtube
496,photo
496,data
495,yep
495,fat
494,track
494,pain
493,mark
491,death
491,driving
490,peace
489,type
488,details
488,web
488,exciting
488,due
487,calling
487,xd
487,inside
486,drinking
486,space
486,card
486,texas
486,shut
485,everyday
485,finish
485,issue
484,pics
484,coach
484,jesus
483,extra
482,training
482,boyfriend
481,step
480,brown
479,dr
478,til
477,longer
476,jobs
474,lovely
474,player
473,de
473,headed
471,easter
471,hungry
471,release
471,lord
470,planning
469,aw
468,jealous
467,sat
467,cheese
467,sale
465,seattle
465,lives
465,meant
465,near
464,holy
463,shop
462,throw
461,shopping
460,figure
460,respect
460,seem
459,rip
459,sit
458,teacher
458,box
457,idk
457,article
456,basketball
455,energy
455,double
455,nobody
454,hm
453,worry
453,president
453,dark
452,nfl
452,church
452,fair
451,singing
450,piece
450,king
450,btw
449,computer
449,four
449,asking
449,delicious
449,apparently
448,mike
448,kick
447,spot
446,um
446,pictures
445,tech
445,artist
444,style
444,non
443,didnt
443,personal
443,etc
443,action
442,field
442,stage
442,advice
441,quick
440,wedding
440,cc
440,liked
440,sir
439,middle
439,choice
437,biggest
437,posted
437,putting
436,learned
435,joke
435,north
435,digital
434,cream
434,performance
433,slow
433,clean
433,drunk
433,celebrate
433,york
433,crap
432,roll
431,chat
430,truly
430,cake
430,mobile
429,problems
428,drop
428,grow
428,system
428,create
427,drinks
427,spent
427,control
426,milwaukee
426,race
426,officially
425,david
424,players
424,joe
424,smart
424,issues
423,board
423,hearing
422,age
422,paul
420,relationship
420,leaving
418,key
418,fresh
418,hilarious
416,telling
416,quote
416,random
415,human
414,lakers
414,dress
414,events
413,worse
413,study
413,ticket
413,aint
412,warm
412,shoes
412,brand
412,changed
411,min
410,dj
410,florida
409,sing
409,photos
408,calls
408,east
408,buddy
408,ahead
408,alright
407,nba
406,felt
406,positive
406,attention
405,count
404,imagine
404,wins
404,goodnight
403,bowl
403,thinks
403,expect
403,anyway
403,gorgeous
403,james
402,daughter
402,major
402,excellent
402,downtown
402,agreed
401,swear
401,terrible
401,earth
400,focus
399,lie
399,level
399,unless
399,based
398,tea
397,broke
397,woke
397,likes
397,boo
396,gives
396,entire
395,helping
395,worked
394,yr
393,mail
393,deep
393,happening
393,greatest
392,turned
392,content
392,education
390,thru
389,poor
389,update
389,completely
388,goin
388,research
388,tough
387,pop
387,soul
386,mouth
386,born
386,ugly
385,videos
384,apple
384,hall
383,wondering
382,sell
382,table
382,july
381,across
381,stuck
381,classes
381,career
380,michael
380,realized
379,hotel
379,code
379,difference
379,annoying
379,paid
378,dick
378,offer
376,official
376,five
376,teams
375,points
375,brain
374,note
374,showing
374,choose
374,commercial
374,talent
374,dumb
373,supposed
373,network
372,color
372,ipad
372,pleasure
371,boring
371,crew
371,conversation
371,taken
371,workout
370,fear
370,cup
370,pants
369,ways
369,bag
369,sold
369,floor
368,houston
368,uh
368,wall
368,soo
368,traffic
367,press
367,bitches
366,usually
366,nap
366,dallas
365,fake
365,lmfao
365,flight
365,daily
365,blast
365,breaking
363,winter
363,blessed
362,notice
362,speaking
362,score
361,steve
361,reply
361,complete
360,healthy
359,league
359,hanging
359,ima
359,ma
358,mix
358,doubt
358,train
358,closed
358,anybody
357,aww
357,died
357,draft
356,fix
356,taste
356,keeps
356,winner
356,killed
355,copy
354,yup
353,price
353,homework
352,reach
352,war
352,search
351,jazz
351,schedule
351,direction
350,build
349,deserve
348,festival
347,information
346,ryan
346,yall
345,happiness
345,literally
345,keeping
345,contest
345,review
344,loud
344,updates
343,fam
343,except
343,fail
343,pre
343,kidding
342,reality
342,indeed
340,nights
340,diego
340,jersey
339,opportunity
339,dancing
339,freaking
339,secret
339,denver
338,loss
338,smell
338,bike
338,huh
337,spread
337,finding
337,value
337,tom
336,mood
335,sending
335,award
335,travel
335,tune
335,promise
335,fly
334,bday
334,nite
334,shoutout
334,sales
333,wont
332,credit
332,station
332,asleep
332,stories
332,bye
332,checking
331,bc
331,pro
330,report
329,lately
329,wild
329,stars
329,version
329,alive
328,avengers
328,brewers
327,miles
327,quality
327,beyond
327,cd
327,shouldn
327,members
326,shower
326,rich
325,return
325,simple
325,thankful
324,bless
324,process
324,places
324,dogs
324,currently
324,feet
323,begin
323,marriage
323,romney
323,staff
323,restaurant
322,treat
322,boss
322,kiss
322,creative
322,schools
321,museum
321,decided
321,afraid
321,trouble
321,crying
320,successful
320,fish
320,scared
320,clothes
320,artists
318,caught
318,clear
318,profile
318,handle
318,presentation
317,nope
317,magic
317,niggas
317,classic
317,sleeping
316,blood
316,view
316,uk
316,broken
315,baltimore
314,washington
314,thanksgiving
314,honestly
314,moms
314,teaching
312,luv
312,alot
312,per
312,fit
312,killing
312,ed
311,weight
310,channel
310,matt
310,earlier
310,given
310,faith
309,match
309,id
309,police
309,guest
308,tweeted
308,fashion
307,spending
307,def
306,beauty
306,bunch
306,screen
305,teach
305,dirty
305,bieber
305,smoke
305,easier
305,services
305,vacation
305,suggestions
305,university
305,brought
304,pull
304,mama
304,pack
304,within
304,county
304,present
303,gettin
303,stick
303,george
303,portland
303,plz
303,technology
303,ate
302,pool
301,married
301,address
301,chill
301,woo
301,shooting
301,trade
301,hill
301,tips
300,cheers
300,continue
299,feed
298,moved
297,quit
297,wishing
297,staying
297,beginning
297,hurts
297,mac
297,usa
297,yrs
296,ran
296,title
295,model
295,latest
295,shots
295,signed
294,dat
294,playoffs
294,bay
294,block
294,connect
293,al
293,ive
293,challenge
292,atlanta
292,industry
291,inspiration
291,gold
290,follower
290,receive
289,judge
288,finals
288,member
288,including
288,named
288,babe
288,mess
288,passed
288,english
288,customer
287,knowing
287,garden
287,booth
287,jack
287,picked
286,asap
286,horrible
286,fabulous
286,fox
286,mall
286,golf
286,airport
285,cats
285,themselves
285,cards
285,products
285,glass
285,crowd
285,product
284,normal
284,kobe
284,scary
284,whether
284,court
284,lazy
284,access
283,incredible
283,checked
283,tax
283,hahah
283,buying
282,period
282,feature
282,scene
281,character
281,campaign
281,response
280,original
280,cleaning
280,campus
280,talked
280,sometime
280,decide
280,everywhere
280,bringing
280,surprised
279,teachers
279,ex
279,smith
279,hunger
279,changes
278,laughing
278,jim
278,known
278,form
278,rose
278,bacon
278,camera
277,shall
277,french
277,jackson
277,comments
277,somewhere
276,obviously
276,awake
276,fell
275,pissed
275,twice
275,plays
275,acting
275,beats
275,rules
275,instagram
274,client
274,results
274,fuckin
273,panel
273,ground
272,decision
272,likely
271,swag
271,awww
270,peeps
270,science
270,epic
270,honor
269,bigger
269,bottle
268,letting
268,comment
268,goals
268,helps
268,row
268,ad
267,projects
267,camp
267,org
266,merry
266,added
266,general
266,yum
266,third
265,joy
265,defense
264,noon
264,falling
263,trending
263,tree
263,hop
263,orange
263,alex
262,invite
262,main
262,ms
261,common
261,wishes
261,wat
261,grand
260,apps
260,talented
260,butt
260,feelings
259,xoxo
259,coast
259,blame
259,whenever
259,term
259,philly
259,private
259,parking
259,rule
258,large
258,halloween
258,hmm
258,moon
258,sunny
258,cost
258,current
257,jump
257,xo
257,closer
256,hitting
256,ends
256,surprise
255,espn
255,fingers
255,battle
255,pray
254,midnight
254,mon
254,location
253,gas
253,honey
253,lights
252,customers
252,youre
252,role
252,growing
252,hip
251,doctor
251,math
251,noticed
251,nick
251,losing
251,clients
251,chick
251,button
250,wrote
250,scott
250,anytime
250,cookies
250,ring
250,heck
249,fill
249,annual
249,father
248,husband
248,dope
248,sky
248,california
247,imma
247,tix
247,ca
247,ohio
247,blow
247,prom
247,island
246,window
246,stopped
246,jones
246,launch
246,interest
246,girlfriend
246,holding
246,knowledge
246,soccer
246,size
245,marathon
245,famous
245,standing
245,seconds
245,discussion
244,grade
244,jus
244,fighting
244,homie
244,upcoming
243,international
243,truck
243,lebron
243,hockey
243,arts
243,total
243,click
243,heads
243,fool
242,grab
242,waste
242,consider
242,status
242,hollywood
241,selling
241,fav
241,anywhere
241,changing
240,names
240,cross
240,hrs
240,itunes
240,spanish
239,awards
239,taylor
239,language
239,bottom
239,higher
239,corner
238,cheap
238,bulls
238,mostly
238,rights
238,himself
238,tim
237,hr
237,santa
237,biz
236,dang
236,perhaps
236,related
236,nah
236,excuse
236,certain
236,quiet
236,situation
235,cooking
235,central
235,tool
235,cast
235,lame
234,amen
234,giants
234,salad
234,harry
234,cousin
234,productive
234,confused
233,sunshine
233,outta
233,sigh
233,download
233,madison
233,comedy
232,older
232,topic
232,doesnt
232,spirit
232,audience
232,cleveland
232,yoga
232,magazine
232,desk
231,wings
231,pink
231,ten
231,opinion
231,butter
231,machine
230,natural
230,dying
230,drama
230,sort
230,rangers
230,simply
229,whoa
229,correct
229,cancer
229,graduation
229,specials
229,follows
229,kitchen
229,martin
228,host
228,mins
228,doin
228,tag
228,candy
228,holidays
228,wind
228,hat
228,memories
228,miller
227,stress
227,avoid
227,adam
227,lack
227,johnson
227,attack
227,received
226,explain
226,kentucky
226,youth
226,possibly
226,thomas
226,plenty
226,hasn
226,lake
226,bank
225,bob
225,hosting
225,skin
225,cash
225,created
225,ridiculous
224,none
224,awful
224,yummy
224,turns
224,bird
224,robert
223,clearly
223,performing
223,tony
223,strange
223,mi
223,position
222,several
222,milk
222,tells
222,burger
222,female
222,thunder
222,inspired
222,six
221,plane
221,leaders
221,brilliant
221,however
221,wisconsin
221,lies
221,celebrating
221,detroit
221,recommend
221,begins
221,bbq
221,written
220,passion
220,hahahaha
220,ray
220,upset
220,numbers
220,skills
220,tx
220,solid
220,catching
220,hits
219,author
219,sum
219,union
219,oil
219,spam
219,bucks
219,genius
219,accept
219,ipod
219,bands
219,fucked
218,flying
218,speech
218,sis
218,runs
218,culture
218,walked
218,menu
218,storm
217,gop
217,josh
217,seat
217,former
217,brunch
217,square
217,prayers
217,taco
217,states
216,daddy
216,difficult
216,studying
216,harder
216,brings
216,fellow
216,direct
215,shake
215,shirts
215,packers
215,filled
215,river
214,sugar
214,kno
214,leadership
214,hospital
214,tebow
214,goodness
214,production
214,anniversary
214,diet
214,posting
214,silly
214,idol
213,nervous
213,force
213,mary
213,nation
213,jam
213,soup
213,degrees
213,balls
212,semester
212,texting
212,mini
212,professional
212,request
212,ahh
212,honest
212,cars
211,lines
211,curious
211,laptop
211,mission
211,np
210,signing
210,exercise
210,although
210,enter
210,knicks
210,rush
210,legs
210,collection
209,pr
209,development
209,involved
209,certainly
209,tryna
209,bread
209,angry
209,pittsburgh
209,wide
208,effort
208,appreciated
208,exist
208,competition
208,rate
208,admit
208,tears
208,tht
208,spurs
207,include
207,leader
207,impossible
207,paying
207,foot
207,wisdom
207,android
207,weren
207,attending
207,mile
207,bright
206,pie
206,dry
206,theres
206,hurry
206,havent
206,purchase
206,regular
206,windows
206,shame
206,pair
206,senior
205,raise
205,director
205,helped
205,net
205,ability
205,itself
205,jordan
204,posts
204,amount
204,wed
204,rise
204,wise
204,queen
204,prob
204,cook
204,gotten
203,willing
203,ending
203,government
203,lived
203,nasty
203,land
203,rick
203,sf
202,brothers
202,feedback
202,hoe
202,hes
202,push
202,ave
202,mayo
202,starbucks
201,turning
201,someday
201,kept
201,attend
201,recording
201,strength
201,powerful
201,moves
201,mistake
201,faster
201,fixed
200,indiana
200,brian
200,society
200,guitar
200,gov
200,heaven
199,purpose
199,kevin
199,letter
199,master
199,fest
199,deals
198,print
198,clock
198,allow
198,showed
198,driver
198,cell
198,abt
198,serve
198,pages
198,speed
198,tonite
197,xx
197,ben
196,lesson
196,stoked
196,recently
196,playoff
196,freedom
196,knock
196,indy
196,heavy
196,nature
196,failure
196,bell
195,supporting
195,sxsw
195,burn
195,bullshit
195,valentine
195,teeth
195,reasons
195,limit
195,manager
195,dropped
194,jason
194,users
194,allowed
194,teen
193,attitude
193,leg
193,nashville
193,provide
193,inspiring
193,memory
192,friendly
192,feb
192,lookin
192,workshop
192,cafe
192,jay
192,wet
192,visiting
192,tools
192,dnt
192,potential
192,grateful
192,according
192,talks
191,gosh
191,london
191,cares
191,fantasy
191,jr
191,sandwich
191,adorable
191,theater
191,sleepy
191,evil
191,messages
191,upon
191,source
191,mid
191,orlando
191,los
190,smells
190,trend
190,jk
190,gun
190,paint
190,popular
190,peter
190,rocks
189,praying
189,joining
189,perform
189,items
189,disney
189,weak
189,neck
189,favor
188,august
188,netflix
188,links
188,pls
188,yankees
188,impact
188,birds
188,sea
188,bears
187,__
187,worried
187,ordered
187,juice
187,apart
187,hug
187,ap
187,tie
187,meal
187,killer
187,ft
187,cinco
187,yu
186,lounge
186,dave
186,caps
186,creating
186,progress
186,amazon
186,rolling
186,notes
186,remind
186,tons
186,journey
186,benefit
185,base
185,audition
185,doors
185,hacked
185,raining
185,debate
185,user
185,disappointed
185,glasses
185,marry
185,moments
184,apartment
184,whitney
184,haters
184,victory
184,grandma
184,fitness
184,usual
184,mexico
184,relax
184,recent
184,taught
184,hero
184,reminder
184,rainy
184,political
183,adding
183,average
183,lay
183,adult
183,chinese
183,phones
182,saved
182,figured
182,decisions
182,above
182,smoking
182,unfortunately
182,networking
182,opportunities
182,grind
182,becoming
181,tumblr
181,easily
181,budget
181,af
181,management
181,pussy
181,packed
181,towards
181,testing
181,impressed
181,effect
181,crush
181,nc
181,waking
181,cheer
180,sam
180,actual
180,couch
180,background
180,ps
180,flip
180,crack
180,rude
180,blah
179,pumped
179,reminds
179,suppose
179,okc
179,records
179,leads
179,hole
179,bathroom
179,companies
179,grad
178,prefer
178,fault
178,option
178,eve
178,everytime
178,nuts
178,hood
178,dig
178,tattoo
177,pulled
177,stomach
177,woot
177,ty
177,isnt
177,riding
177,stadium
177,quarter
177,monster
176,charge
176,depends
176,nearly
176,raw
176,january
175,sayin
175,meaning
175,theme
175,theatre
175,idiot
175,jeff
175,hashtag
175,united
175,nose
175,tracks
175,setting
175,neither
175,punch
174,arrived
174,justice
174,legit
174,risk
174,atl
174,punk
174,writer
173,movement
173,discuss
173,extremely
173,chillin
173,pitch
173,target
173,celebration
173,stock
173,dudes
173,relationships
173,louis
172,golden
172,mayor
172,dollar
172,shorts
172,weed
171,rap
171,novel
171,streets
171,carolina
171,prices
171,negative
171,security
171,quickly
171,williams
171,bear
171,fri
171,voted
171,bomb
171,christian
171,tournament
171,regret
170,babies
170,editing
170,tacos
170,mentions
170,section
170,lee
170,multiple
170,championship
170,covered
170,kelly
170,ron
170,hehe
169,trash
169,sushi
169,animal
169,sauce
169,yard
169,commercials
169,beast
169,ups
169,breath
168,insane
168,neighborhood
168,similar
168,carry
168,reports
168,gm
168,programs
168,planet
168,fruit
168,deserves
168,matters
168,davis
168,wash
168,pet
168,hearts
168,empty
168,rough
167,policy
167,swing
167,grown
167,doc
167,mistakes
167,actor
167,active
167,zone
167,considering
167,max
167,draw
166,ignore
166,repeat
166,jokes
166,strategy
166,gig
166,pregnant
166,libraries
166,theory
166,ep
165,signs
165,solo
165,exam
165,eggs
165,hoes
165,wi
165,voting
165,celtics
165,timeline
165,bars
165,jan
165,blues
165,giant
165,global
165,careful
165,anti
165,accident
165,limited
164,image
164,writers
164,boom
164,options
164,singer
164,politics
164,dollars
164,legal
164,tweeps
163,featuring
163,dan
163,sox
163,creepy
163,district
163,besides
163,hook
163,auto
162,pieces
162,oops
162,kicking
162,unique
162,ourselves
162,tight
162,van
162,ohh
162,offers
161,emails
161,ton
161,opens
161,shes
161,chair
161,tape
161,skype
161,spell
161,software
161,chuck
161,coverage
161,memphis
160,patrick
160,dating
160,faces
160,irish
160,built
160,released
160,fl
160,addicted
160,ended
160,massage
160,offense
160,stream
159,universe
159,basically
159,eric
159,hugs
159,ish
159,picking
159,shine
159,physical
159,rep
159,seats
159,sites
158,highly
158,closing
158,counting
158,worries
158,ceo
158,november
158,insurance
158,mexican
158,actors
158,improve
158,passing
158,mo
158,parties
158,bills
158,cookie
157,surgery
157,hide
157,laying
157,answers
157,horse
157,musical
157,finale
157,sore
157,fried
157,makeup
157,expected
156,turkey
156,throwing
156,partner
156,puts
156,promo
156,example
156,mixtape
156,register
156,prepared
156,prayer
156,opened
156,calm
156,contract
156,circle
156,council
156,wayne
156,homeless
156,las
156,among
155,cubs
155,mommy
154,whoever
154,boat
154,talkin
154,freakin
154,sarah
154,sadly
154,taxes
154,rts
154,er
154,uses
154,naked
154,solution
154,announce
154,continues
154,americans
154,recipe
154,delete
154,pure
153,assume
153,election
153,texts
153,tha
153,egg
153,rice
153,honored
153,angel
153,motivation
153,china
153,perry
153,held
152,clippers
152,rocking
152,mrs
152,jeans
152,chi
152,discovered
152,wrap
152,michigan
152,threw
152,stone
151,logo
151,devil
151,soft
151,chips
151,resume
151,planned
151,mentioned
151,mode
151,guide
151,path
151,anthony
151,laundry
150,lying
150,sessions
150,helpful
150,goodbye
150,prize
150,expensive
150,barely
150,discount
150,sport
150,pacers
150,christ
150,sd
150,cloud
150,pinterest
150,cody
150,winners
150,obsessed
149,tan
149,podcast
149,duh
149,ears
149,wanting
149,stopping
149,beers
149,whose
148,parade
148,blessings
148,blake
148,bio
148,filming
148,speaker
148,glee
148,angeles
148,lbs
148,statement
148,broncos
148,manning
148,ncaa
148,switch
148,advantage
148,celebrity
148,chef
148,andrew
147,pandora
147,characters
147,charles
147,canada
147,gear
147,frank
147,connection
147,february
147,stores
147,crossed
147,impressive
147,headache
147,junior
147,benefits
147,leaves
147,hire
146,volunteer
146,awhile
146,owner
146,promote
146,intense
146,dvd
146,walker
146,complain
146,listened
146,vip
146,updated
146,delivery
146,finishing
146,pot
145,respond
145,vision
145,charlie
145,bound
145,william
145,adventure
145,despite
145,minds
145,corporate
145,dare
145,greater
145,antonio
145,somehow
145,announced
145,offering
145,apply
145,tiny
144,icon
144,crash
144,kings
144,guilty
144,metro
144,allen
144,orleans
144,economy
144,families
144,decent
144,flowers
144,aye
144,otherwise
144,brooklyn
143,ly
143,increase
143,aka
143,txt
143,foundation
143,henry
143,gain
143,southern
143,ear
143,ing
143,screw
143,liking
143,classy
142,el
142,kim
142,virginia
142,relaxing
142,kicked
142,beef
142,december
142,ads
142,reference
142,lower
142,porn
142,grace
142,tiger
142,october
142,steal
142,newest
142,fave
142,tyler
142,va
142,agent
142,lincoln
142,subway
141,screaming
141,odd
141,slowly
141,hiring
141,thurs
141,oregon
141,onto
141,oomf
141,focused
141,audio
141,server
141,chapter
141,gross
141,mitt
141,aaron
141,bags
141,drug
140,drugs
140,fully
140,phil
140,tap
140,degree
140,memorial
140,poker
140,birth
140,superbowl
140,chances
140,accounts
140,platform
140,aha
140,activity
140,necessary
140,workers
140,bo
139,dates
139,labor
139,pride
139,congress
139,ship
139,picks
139,trick
139,suit
139,grill
139,costs
138,meetings
138,bottles
138,parts
138,saving
138,jimmy
138,flow
138,emotional
138,neighbors
138,leading
138,desire
137,sisters
137,joined
137,mixed
137,pa
137,momma
137,shape
137,qb
137,trees
137,breaks
137,gon
137,alcohol
137,personally
137,blind
137,sec
137,breathe
137,rockin
137,fyi
137,paris
137,alert
136,jail
136,francisco
136,skip
136,arms
136,injury
136,kindle
136,humor
136,asian
136,protect
136,locked
136,booked
136,tasty
136,tasting
136,modern
136,stronger
136,comin
136,unfollow
136,graduate
136,fired
135,becomes
135,clark
135,foods
135,wasnt
135,colorado
135,meat
135,prove
135,wood
135,bridge
135,quotes
134,zombie
134,effective
134,bruh
134,grey
134,ghost
134,favorites
134,chase
134,boyz
134,bite
134,awe
134,rehearsal
134,facts
134,arm
134,puppy
134,century
133,woods
133,invited
133,custom
133,purple
133,craft
133,lab
133,mass
133,shift
133,iron
133,finger
133,oscar
133,hs
133,mental
133,coaches
133,patio
133,serving
133,asks
133,eh
133,package
133,arizona
132,fries
132,grant
132,preparing
132,mountain
132,casting
132,zero
132,yellow
132,failed
132,profit
132,expecting
132,drew
132,throat
132,madness
132,specific
131,sets
131,battery
131,peanut
131,confidence
131,generation
131,cable
131,younger
131,films
131,poetry
131,lips
131,chip
131,growth
131,hates
131,asshole
131,gunna
131,skinny
131,rob
131,___
131,farm
130,flash
130,resources
130,financial
130,mlb
130,overall
130,ooh
130,advertising
130,alarm
130,uncle
130,dressed
130,falls
130,hah
130,woohoo
130,patriots
130,trivia
130,designer
129,kansas
129,employees
129,nor
129,angels
129,considered
129,jon
129,equal
129,unknown
129,balance
129,bobby
129,loose
129,billion
129,succeed
128,material
128,legend
128,tunes
128,freak
128,prince
128,roof
128,tied
128,burning
128,male
128,et
128,valley
128,further
128,wars
128,disagree
128,dis
127,hawaii
127,express
127,password
127,became
127,choices
127,donate
127,nike
127,cali
127,loser
127,est
127,belly
127,england
127,patience
127,smiling
127,perspective
127,mirror
127,understanding
127,announcement
126,documentary
126,peyton
126,myspace
126,describe
126,brad
126,exhibit
126,anyways
126,medical
126,thanx
126,demand
126,buffalo
126,core
126,bs
126,demo
126,application
126,letters
126,license
126,nbc
126,wasted
126,studies
126,forgive
126,umm
126,businesses
126,slept
126,valentines
126,broadway
126,rates
125,twin
125,toast
125,yolo
125,bang
125,awareness
125,episodes
125,constantly
125,silence
125,africa
125,screening
125,estate
125,lyrics
125,pub
124,packing
124,ocean
124,saints
124,urban
124,knee
124,gifts
124,ol
124,omfg
124,plate
124,lisa
124,msg
124,derby
124,useful
124,jets
124,stayed
124,piano
124,steak
124,dec
123,eventually
123,scratch
123,twins
123,immediately
123,sooner
123,nov
123,safety
123,reviews
123,crime
123,wade
123,un
123,johnny
123,smiles
122,flat
122,sees
122,steps
122,drake
122,kicks
122,hating
122,blown
122,exact
122,keys
122,duck
122,comic
122,charity
122,bible
122,animals
122,convo
122,nothin
122,tear
121,file
121,watchin
121,shitty
121,papers
121,pressure
121,inbox
121,nerd
121,expert
121,distance
121,convention
121,conversations
121,flyers
121,colors
121,entertaining
121,religion
121,richard
121,craving
120,cities
120,sept
120,advance
120,bass
120,rid
120,cap
120,blowing
120,map
120,tall
120,lane
120,calendar
120,howard
120,pulling
120,bud
120,gallery
119,mke
119,cupcakes
119,traveling
119,engagement
119,stranger
119,military
119,ravens
119,apologize
119,painting
119,edition
119,edge
119,boots
119,ouch
119,deck
119,dropping
119,debt
119,cried
119,noise
119,bull
119,clothing
119,phoenix
119,murder
118,interviews
118,personality
118,silent
118,entertainment
118,ruin
118,owe
118,organization
118,models
118,ford
118,inspire
118,features
118,featured
118,gray
118,obvious
118,replace
118,deliver
118,chilling
118,faculty
118,walks
117,abc
117,bf
117,clue
117,september
117,hawks
117,drivers
117,pocket
117,discussing
117,independent
117,drawing
117,grocery
117,actions
117,suggestion
117,trailer
117,lonely
117,heels
117,pushing
117,oct
117,courage
117,shoe
117,fml
116,lessons
116,homes
116,result
116,lock
116,albert
116,shoulder
116,spin
116,cutting
116,seeking
116,salt
116,percent
116,slightly
116,spots
116,spreading
116,fab
115,scream
115,volunteers
115,salon
115,comfortable
115,reached
115,candidate
115,bb
115,tues
115,columbus
115,neighbor
115,nowplaying
115,billy
115,duke
115,xmas
115,forum
115,females
115,hint
115,fancy
115,patient
114,jessica
114,duty
114,beard
114,primary
114,triple
114,summit
114,innovation
114,yikes
114,jerry
114,esp
114,premiere
114,holla
114,discover
114,pc
114,ward
114,buzz
114,reporting
114,accepted
114,bush
113,concept
113,funniest
113,individual
113,finna
113,banana
113,served
113,pee
113,wilson
113,british
113,bother
113,hubby
113,nw
113,arrested
113,remembered
113,coaching
113,civil
113,creativity
113,grew
113,ers
113,cal
113,prepare
112,belt
112,thrilled
112,shore
112,cop
112,musicians
112,staring
112,massive
112,led
112,exhausted
112,raised
112,calories
112,messed
112,hunt
112,anger
112,vodka
112,stole
112,nuggets
112,santorum
111,ga
111,walmart
111,homemade
111,route
111,range
111,images
111,andy
111,dedicated
111,travels
111,factor
111,salsa
111,blessing
111,tryin
111,speaks
111,plant
111,italian
111,recognize
110,throughout
110,era
110,hardest
110,bath
110,sentence
110,delay
110,recommendations
110,prep
110,trail
110,sexual
110,shared
110,ages
109,blogs
109,mic
109,ham
109,nail
109,virtual
109,grass
109,guard
109,strip
109,larry
109,parent
109,cure
109,systems
109,doe
109,amy
109,pork
109,argument
109,pretend
109,mvp
109,compliment
109,excitement
109,graphic
109,pat
109,printing
108,sweat
108,committee
108,friendship
108,scheduled
108,hottest
108,hella
108,suddenly
108,venue
107,dem
107,afford
107,furniture
107,presence
107,represent
107,princess
107,dangerous
107,recorded
107,seven
107,tank
107,nails
107,fame
107,nj
107,swim
107,con
107,ot
107,connected
107,experiences
107,snap
107,softball
107,joint
107,capital
107,false
106,comfort
106,swimming
106,props
106,army
106,hype
106,regarding
106,stretch
106,incredibly
106,steelers
106,wifi
106,crisis
106,adults
106,produce
106,seemed
106,preview
106,tests
106,nhl
106,badgers
106,lifetime
106,subject
106,solutions
106,chili
105,candidates
105,rally
105,tourney
105,registration
105,appears
105,shocked
105,coupon
105,librarians
105,flavor
105,piss
105,inning
105,included
105,complaining
105,seasons
105,hated
105,views
105,franklin
105,passes
105,warning
104,argue
104,proper
104,cocktails
104,millions
104,tgif
104,opposite
104,deserved
104,medicine
104,classroom
104,creation
104,senate
104,kinds
104,familiar
104,relevant
104,suggest
104,appearance
104,brew
104,cops
104,convinced
104,fiction
104,brandon
104,academy
104,texted
104,levels
104,pt
103,hangover
103,root
103,sub
103,wave
103,coke
103,chicks
103,journal
103,mornings
103,definition
103,hoo
103,environment
103,georgia
103,attempt
103,hopes
103,gary
103,reaction
103,rolls
103,lion
103,refs
103,doll
103,xbox
103,analysis
103,economic
103,browns
103,potter
103,fed
102,expo
102,hadn
102,kills
102,giveaway
102,praise
102,oscars
102,toilet
102,comeback
102,pdx
102,beta
102,jacket
102,terms
102,librarian
102,concerned
102,pumpkin
102,laws
102,painful
102,challenges
102,approach
102,stands
102,lemon
102,electric
102,niall
102,embarrassing
102,promotion
102,tongue
101,fools
101,fascinating
101,nowhere
101,recall
101,teens
101,europe
101,blonde
101,indie
101,dam
101,photography
101,mets
101,votes
101,linkedin
101,display
101,stops
101,proof
101,lineup
101,savings
101,standard
101,thus
101,gr
101,greg
101,corn
101,rite
101,masters
101,communication
101,wolf
101,ii
101,accidentally
101,thousand
101,oz
100,cuts
100,tl
100,accent
100,feelin
100,michelle
100,recovery
100,blackberry
100,struggle
100,sucked
100,fa
100,funding
100,rent
100,weekly
100,rocked
100,crappy
100,louisville
100,outs
100,behavior
100,donation
100,pac
100,garbage
100,compared
100,slap
100,scored
100,bruins
100,hump
100,dreaming
100,therapy
100,sean
100,seau
100,construction
100,guests
100,toy
100,oakland
100,arrive
100,articles
100,tigers
100,error
100,longest
99,phrase
99,presents
99,evidence
99,minus
99,standards
99,speakers
99,rare
99,owners
99,kate
99,blew
99,sweetie
99,chain
99,smooth
99,cancelled
99,silver
99,drops
99,seek
99,attended
99,potato
99,foul
99,exclusive
99,grilled
99,connecting
99,gf
99,cocktail
99,earned
99,reception
99,intro
99,organic
98,abuse
98,morgan
98,caring
98,wen
98,badly
98,jerk
98,il
98,thirsty
98,minnesota
98,pace
98,german
98,responsibility
98,entry
98,directly
98,headphones
98,emily
98,trial
98,load
98,appreciation
98,ours
98,develop
98,cough
98,deadline
98,appointment
97,sight
97,costume
97,racing
97,closet
97,bug
97,cam
97,semi
97,workin
97,reader
97,resource
97,bestfriend
97,readers
97,blocked
97,studios
97,covers
97,collaboration
97,avi
97,ted
97,appear
97,shock
97,zoo
97,mahomies
97,penn
97,disease
97,pres
97,plastic
97,lit
97,lolol
97,guessing
97,miracle
96,somethin
96,brady
96,influence
96,monkey
96,cruise
96,hunter
96,embrace
96,emotions
96,smash
96,yahoo
96,tables
96,claim
96,le
96,files
96,basic
96,measure
96,socks
96,groups
96,avatar
96,kyle
96,terrific
96,fm
96,holds
96,arena
96,appropriate
96,cherry
96,valuable
96,bonus
96,horror
96,chest
96,beans
96,tribute
96,rapper
95,pays
95,brave
95,highest
95,annoyed
95,bloody
95,scenes
95,karaoke
95,fourth
95,scale
95,az
95,lists
95,flag
95,african
95,partners
95,aware
95,forgotten
95,mega
95,ruined
95,metal
95,gaga
95,sponsor
95,department
95,tend
95,debut
95,childhood
95,sounded
95,ne
95,lift
95,fund
95,tee
95,bruce
95,rachel
95,charlotte
95,youu
94,submit
94,includes
94,bowling
94,remove
94,allergies
94,darn
94,frozen
94,kisses
94,log
94,newt
94,prison
94,toward
94,webinar
94,tastes
94,remix
94,confirmed
94,aid
94,remain
94,burgers
94,weekends
94,chief
94,auction
94,achieve
94,bin
94,colts
94,beating
94,mavs
94,garage
94,lecture
94,searching
94,poster
94,regardless
94,cab
94,screwed
94,rooting
93,cereal
93,glory
93,presenting
93,burned
93,rings
93,cow
93,edit
93,restaurants
93,dislike
93,cbs
93,participate
93,discovery
93,pleased
93,jumping
93,inner
93,perfectly
93,ninja
93,brands
93,lovers
93,hills
92,below
92,complex
92,chose
92,dvr
92,firm
92,cutest
92,hiding
92,sausage
92,dunno
92,academic
92,settle
92,soda
92,deleted
92,function
92,proverb
92,dies
92,reminded
92,mcdonalds
92,village
92,ann
92,docs
92,dawn
92,designs
92,exchange
92,kc
92,showcase
92,illegal
92,upper
91,doctors
91,ac
91,completed
91,hosted
91,ross
91,philadelphia
91,wouldnt
91,tone
91,tampa
91,boot
91,association
91,diff
91,opinions
91,farmers
91,coolest
91,tornado
91,badass
91,earn
91,walls
91,dot
91,internship
91,slide
90,activities
90,stays
90,selection
90,select
90,bench
90,ultimate
90,connections
90,agency
90,ashley
90,mondays
90,cooler
90,task
90,robin
90,shipping
90,idiots
90,hooked
90,luke
90,tn
90,vegan
90,violence
90,outstanding
90,pathetic
90,gods
90,survive
90,finds
90,vinyl
90,orders
90,poll
90,wing
89,danny
89,storage
89,committed
89,outfit
89,sup
89,japan
89,seminar
89,dentist
89,suicide
89,prevent
89,republican
89,manage
89,stephen
89,cultural
89,donuts
89,o_o
89,fridays
89,bat
89,bullying
89,gum
89,sources
89,drove
89,jake
89,survey
88,cousins
88,pig
88,carpet
88,pens
88,streaming
88,experienced
88,divorce
88,cowboys
88,lemme
88,oprah
88,booty
88,orioles
88,upgrade
88,mayweather
88,mcdonald
88,rec
88,hundred
88,guns
88,nicely
88,tweeters
88,cole
88,producer
88,federal
88,bracket
88,offensive
88,kudos
88,topics
88,rarely
88,membership
88,gang
88,types
87,kit
87,bedroom
87,voices
87,captain
87,cuddle
87,lions
87,stats
87,wealth
87,selena
87,scores
87,cupcake
87,bunny
87,dept
87,begun
87,sides
87,injuries
87,rooms
87,popcorn
87,md
87,thinkin
87,counts
87,critical
86,bash
86,attractive
86,jane
86,foster
86,hipster
86,property
86,worthy
86,rondo
86,adele
86,habit
86,covering
86,hamilton
86,instant
86,snack
86,combo
86,fights
86,pen
86,toys
86,emergency
86,countdown
86,amp
86,essay
86,participating
86,adams
86,alabama
86,surely
86,pasta
86,hun
86,cont
86,humble
86,whore
86,allows
86,fridge
85,mystery
85,carter
85,tomato
85,cnn
85,ky
85,laid
85,elite
85,shades
85,kitty
85,bake
85,storms
85,haircut
85,networks
85,encourage
85,bee
85,seniors
85,unbelievable
85,entered
85,performances
85,pit
85,division
85,makin
85,pilot
85,fort
85,practices
85,mia
85,dragon
85,bone
85,inc
85,bummer
85,hurting
85,wats
85,wrapped
85,bones
85,jennifer
85,jet
85,russell
85,playin
85,reunion
85,kay
85,republicans
85,athletes
85,worker
85,meh
85,agenda
85,woah
84,indian
84,boxes
84,laughs
84,mph
84,cus
84,sunset
84,filling
84,lawn
84,refuse
84,gps
84,precious
84,western
84,secrets
84,label
84,fee
84,roger
84,interactive
84,disgusting
84,latin
84,stfu
84,anderson
84,relief
84,item
84,smaller
84,fever
84,cutie
84,income
84,television
84,volume
84,lover
84,randomly
84,bros
84,visited
84,folk
84,couldnt
84,trainer
84,peoples
84,tennis
83,assistant
83,strike
83,meals
83,ralph
83,craig
83,ditto
83,herself
83,addition
83,whiskey
83,visual
83,patty
83,lauren
83,potatoes
83,pounds
83,champion
83,ct
83,treatment
83,nephew
83,bra
83,lewis
83,recipes
83,daniel
83,pancakes
83,depressing
83,jeremy
83,indianapolis
83,applications
83,mn
83,archives
83,hd
82,shuttle
82,excuses
82,heights
82,communities
82,misses
82,geez
82,vid
82,sh
82,hater
82,outdoor
82,mate
82,einstein
82,prime
82,extreme
82,pirates
82,complicated
82,located
82,laughed
82,baking
82,messing
82,previous
82,hart
81,returning
81,bubble
81,nine
81,invented
81,morrow
81,clever
81,websites
81,diamond
81,consumer
81,lightning
81,dust
81,responsible
81,rad
81,iowa
81,carl
81,sincerely
81,particular
81,treats
81,borrow
81,announces
81,batman
81,eastern
81,forecast
81,blogging
81,conf
81,ikr
81,dd
81,escape
81,shortly
81,thousands
81,kanye
81,worlds
81,naw
81,cheating
81,throws
81,jewish
81,thnx
80,importance
80,yelling
80,sponsors
80,repair
80,bucket
80,exams
80,banks
80,greek
80,stat
80,fuel
80,hahahah
80,champagne
80,context
80,wknd
80,drank
80,humans
80,supports
80,values
80,jose
80,whom
80,stressed
80,anne
80,eaten
80,whew
80,caffeine
80,rumor
80,roses
80,efforts
80,constant
80,ginger
80,ghetto
80,http
80,enemy
80,ironic
80,drives
80,se
80,clouds
80,script
80,digging
80,titanic
79,acts
79,commitment
79,ban
79,professor
79,programming
79,gate
79,editor
79,tf
79,paradise
79,knocked
79,parker
79,shaking
79,publishing
79,abq
79,concerts
79,ho
79,pats
79,canceled
79,rainbow
79,racist
79,chrome
79,laura
79,reds
79,ustream
79,sin
79,mahone
79,addiction
79,wore
79,latte
79,simpson
79,bummed
79,presentations
79,privacy
78,grammys
78,dunk
78,replied
78,trends
78,delivered
78,earthquake
78,ab
78,offered
78,chasing
78,tequila
78,require
78,cheering
78,irony
78,traditional
78,motion
78,cent
78,universal
78,happier
78,toes
78,began
78,jewelry
78,cases
78,institute
78,dancers
78,aunt
78,rihanna
78,goodmorning
78,darkness
78,disaster
78,trucks
78,sneak
78,hows
78,moore
78,plug
78,priceless
78,dealing
78,alternative
78,sample
77,toe
77,bow
77,bust
77,strawberry
77,blank
77,germany
77,lottery
77,maker
77,lip
77,france
77,dammit
77,spoke
77,royal
77,occupy
77,adds
77,aim
77,slice
77,ala
77,revolution
77,cloudy
77,clutch
77,cinnamon
77,employee
77,upload
77,hardly
77,uw
77,vampire
77,convince
77,kindness
77,snacks
77,iconic
77,randy
77,promised
76,matthew
76,liam
76,keynote
76,engage
76,burrito
76,wk
76,imagination
76,therefore
76,pillow
76,wicked
76,aside
76,sand
76,treated
76,forced
76,technical
76,sticks
76,hooray
76,lighting
76,landed
76,dolphins
76,marks
76,sm
76,required
76,agents
76,realizing
76,lin
76,designed
76,fails
76,recruiting
76,leap
76,ink
76,insight
76,hahahahaha
76,ck
76,computers
76,braun
76,loaded
76,continued
76,photographer
76,registered
76,liquor
76,officer
76,dev
75,historical
75,rage
75,frustrating
75,loop
75,highlight
75,areas
75,ale
75,hometown
75,salute
75,polish
75,imo
75,psyched
75,accomplish
75,reaching
75,reads
75,bum
75,destination
75,yogurt
75,professionals
75,prolly
75,healthcare
75,commit
75,native
75,locations
75,greet
75,todd
75,solve
75,chelsea
75,gmail
75,spelling
75,hail
75,tmrw
75,factory
74,snl
74,startup
74,megan
74,lsu
74,shy
74,roots
74,na
74,drag
74,founder
74,auditions
74,odds
74,pops
74,mtv
74,ignorance
74,colleagues
74,booking
74,useless
74,sake
74,organized
74,ceremony
74,baked
74,prof
74,commission
74,dish
74,lovin
74,unit
74,mixing
74,define
74,olympics
74,penny
74,nelson
74,pepper
74,expectations
74,breathing
74,wordpress
74,booze
74,promoting
74,freshman
74,nightmare
74,fortune
74,nascar
74,swift
74,foreign
74,showers
73,sweep
73,returns
73,theyre
73,mouse
73,cincinnati
73,investment
73,niece
73,mario
73,greatly
73,trading
73,depressed
73,manhattan
73,squad
73,daughters
73,typing
73,fundraiser
73,graduating
73,informed
73,thang
73,windy
73,essential
73,streak
73,midwest
73,shown
73,shrimp
73,sundays
73,australia
73,fry
73,owned
73,mint
73,minor
73,monica
73,gb
73,glorious
73,doug
73,loyal
73,thin
73,minneapolis
73,sb
73,driven
73,keith
73,fishing
73,casino
73,posters
73,dishes
73,wherever
73,crossing
73,whip
73,criminal
73,comp
73,compare
73,edu
73,shadow
73,mercy
72,raising
72,fireworks
72,frustrated
72,bloggers
72,capitol
72,veterans
72,materials
72,belong
72,____
72,managed
72,contacts
72,seed
72,wa
72,bryan
72,perfection
72,absolute
72,decade
72,poverty
72,gt
72,devils
72,italy
72,blazers
72,roads
72,supporters
72,motivated
72,halftime
72,residents
72,ios
72,rsvp
72,rumors
72,styles
72,unlike
72,houses
72,arent
72,grades
72,microsoft
72,typical
72,ignorant
72,submitted
72,dads
72,split
71,wines
71,handed
71,amazed
71,vancouver
71,intern
71,zimmerman
71,admin
71,boobs
71,funds
71,iced
71,hung
71,sudden
71,mf
71,focusing
71,delayed
71,reward
71,carlos
71,dean
71,scare
71,chatting
71,douche
71,possibility
71,revenge
71,prizes
71,sacramento
71,cowboy
71,spider
71,suite
71,roommate
71,neat
71,tattoos
71,flights
71,roy
71,retail
71,fallen
71,nicki
71,pets
71,dylan
71,retweeting
71,shave
71,casey
70,extended
70,cakes
70,dodgers
70,eddie
70,champions
70,vehicle
70,jelly
70,actress
70,wheel
70,recommended
70,olive
70,threat
70,pimp
70,en
70,blasting
70,eli
70,canadian
70,reform
70,mil
70,vagina
70,singers
70,coconut
70,locker
70,karma
70,understood
70,scholarship
70,mm
70,referring
70,pitching
70,yah
70,requires
70,amendment
70,treating
70,sons
70,maryland
70,meets
70,hw
70,nm
70,bella
70,releasing
70,ftw
70,chipotle
70,resolution
70,crawl
70,japanese
70,dh
70,butler
70,anna
69,feat
69,pg
69,shining
69,harris
69,practicing
69,hurricane
69,temple
69,albums
69,dressing
69,multi
69,automatically
69,published
69,bff
69,autism
69,eagles
69,presented
69,adventures
69,todays
69,alumni
69,struggling
69,tribe
69,rising
69,wright
69,clinic
69,magical
69,forth
69,enemies
69,accomplished
69,greatness
69,supported
69,coachella
69,playlist
69,desperate
69,powers
69,pouring
69,jumped
69,correctly
69,ta
69,jury
68,acoustic
68,eight
68,spinning
68,authors
68,sour
68,soundtrack
68,grandpa
68,sings
68,bean
68,slut
68,cheat
68,designers
68,dancer
68,springs
68,unlimited
68,broadcast
68,yell
68,skill
68,suffering
68,apt
68,countries
68,followfriday
68,suffer
68,jefferson
68,forces
68,forgetting
68,wheels
68,thick
68,damage
68,jamming
68,whos
68,hulk
68,advanced
68,israel
68,buck
68,rescue
68,remains
68,samples
68,trips
68,heroes
68,copies
68,stealing
68,atleast
68,fo
68,lobby
68,parks
68,dresses
68,junk
68,pal
68,judging
68,bold
68,knees
67,introduce
67,sharp
67,shoulda
67,retweets
67,hunting
67,choir
67,ideal
67,richmond
67,liberty
67,ie
67,handsome
67,jamie
67,rookie
67,hidden
67,routine
67,html
67,laughter
67,waited
67,pitcher
67,pacific
67,destiny
67,cycle
67,destroy
67,hats
67,quiz
67,stunning
67,providing
67,strangers
67,mighty
67,del
67,brooks
67,pushed
67,believes
67,bump
67,majority
67,bitter
67,derek
67,caused
67,markets
66,dale
66,format
66,madonna
66,developing
66,slip
66,spoken
66,champ
66,tracking
66,adore
66,courses
66,empire
66,supply
66,inspirational
66,opera
66,grammy
66,logic
66,seeds
66,timing
66,stack
66,keyboard
66,collect
66,username
66,scoring
66,kenny
66,strikes
66,fits
66,pitt
66,twitterverse
66,upstairs
66,holes
66,lb
66,tommy
66,tennessee
66,marc
66,hustle
66,reporter
66,guarantee
66,citizen
66,curse
66,nola
66,accepting
66,ew
66,excellence
66,spa
66,ian
65,donna
65,ken
65,cum
65,lemonade
65,experts
65,dining
65,largest
65,legacy
65,sang
65,wears
65,assembly
65,technically
65,invest
65,liberal
65,retirement
65,nate
65,elementary
65,mw
65,pete
65,identity
65,voters
65,purchased
65,eats
65,vintage
65,vikings
65,chamber
65,compete
65,chop
65,sporting
65,dive
65,bball
65,credits
65,amber
65,lax
65,poop
65,engine
65,tours
65,clinton
65,funky
65,uncomfortable
65,engaged
65,allowing
65,cracking
65,roller
65,tavern
65,sweater
65,cameras
65,spray
65,danger
65,navy
65,oak
65,crib
65,courtesy
65,equipment
65,acct
64,takin
64,lo
64,defensive
64,penis
64,dessert
64,klout
64,brick
64,titles
64,confident
64,mtg
64,pastor
64,input
64,cancel
64,portfolio
64,plain
64,deeply
64,directions
64,donald
64,dl
64,burns
64,journalism
64,waves
64,mill
64,devices
64,anxiety
64,reserve
64,fred
64,jen
64,requests
64,asses
64,mca
64,device
64,affect
64,toronto
64,sopa
64,awesomeness
64,osu
64,elevator
64,normally
64,emailed
64,receiving
64,reduce
64,clap
64,govt
64,emerson
64,beastie
64,various
64,lmaoo
64,lean
64,verse
64,verizon
64,onion
64,beliebers
63,charges
63,flu
63,blunt
63,clown
63,sixers
63,roc
63,benjamin
63,dedication
63,georgetown
63,apologies
63,gathering
63,ancient
63,harper
63,clip
63,berry
63,jacob
63,admission
63,donations
63,survived
63,geek
63,hangout
63,ignoring
63,hannah
63,thevoice
63,highway
63,transfer
63,listed
63,suspect
63,thingsaboutme
63,thumbs
63,happiest
63,clay
63,designing
63,existence
63,unfollowed
63,exit
63,stepped
63,steven
63,brewing
63,shops
63,overtime
63,educational
63,improvement
63,returned
63,stare
63,setup
63,lied
63,producers
63,commentary
63,checkout
63,vp
63,albuquerque
63,thai
63,rides
63,collins
63,lick
63,rappers
63,terry
63,stalking
63,darling
62,cabin
62,reported
62,determined
62,defeat
62,footage
62,jean
62,granted
62,griffin
62,trio
62,spicy
62,boost
62,analytics
62,teamfollowback
62,basket
62,crown
62,bully
62,twilight
62,pros
62,worship
62,proposal
62,leather
62,taxi
62,bounce
62,possibilities
62,breast
62,cleaned
62,suspended
62,mane
62,espresso
62,somewhat
62,climb
62,vibe
62,appeal
62,lou
62,effects
62,saves
62,pickup
62,partying
62,url
62,correction
62,downloaded
62,usc
62,knight
62,overheard
62,cooked
62,highlights
62,gordon
62,runner
62,loll
62,castle
62,gen
62,waldo
62,thrown
62,rat
62,vinny
62,followback
62,bk
62,saint
62,safely
62,india
61,properly
61,attorney
61,bravo
61,tomorrows
61,monthly
61,religious
61,attendees
61,turner
61,cheaper
61,athletic
61,aug
61,volleyball
61,youll
61,choosing
61,vanilla
61,replay
61,cents
61,indians
61,responded
61,newspaper
61,agreement
61,individuals
61,belief
61,chemistry
61,length
61,mars
61,assholes
61,tweeter
61,badge
61,simon
61,meetup
61,ucla
61,creates
61,judges
61,touched
61,charged
61,population
61,maine
61,thrones
61,mentor
61,explore
61,joking
61,pointing
61,lawyer
61,runners
61,boxing
61,produced
61,significant
61,crystal
61,loses
61,warren
61,cooper
61,braces
61,bugs
61,pound
61,region
61,betty
61,branch
61,signal
61,innings
60,illinois
60,zombies
60,wwe
60,refer
60,refreshing
60,abs
60,accurate
60,recommendation
60,maria
60,prior
60,slam
60,virus
60,virgin
60,particularly
60,starving
60,oven
60,laker
60,museums
60,failing
60,backup
60,olympic
60,remote
60,stairs
60,patients
60,engaging
60,barnes
60,entirely
60,smoked
60,twist
60,soap
60,nonsense
60,chosen
60,turnout
60,tube
60,newsletter
60,spice
60,conditions
60,bynum
60,royals
60,presidential
60,rewards
60,brush
60,winds
60,freezing
60,iu
60,tanning
60,humanity
60,rodgers
60,sticker
60,transportation
60,races
60,stressful
60,mj
60,plot
60,couples
60,salmon
60,arguing
60,watches
60,assist
60,goat
60,heyy
59,syracuse
59,grammar
59,chargers
59,linked
59,stations
59,olds
59,believing
59,tries
59,cs
59,roasted
59,rockies
59,jackie
59,porch
59,answered
59,wells
59,regularly
59,phenomenal
59,consumers
59,selfish
59,painted
59,organizing
59,lap
59,underway
59,snowing
59,ily
59,columbia
